{"triangle_1": {"sides": [4.0, 5.0, 6.0], "area": 9.921567416492215}, "triangle_2": {"sides": [3.0, 6.0, 5.0], "area": 7.483314773547883}, "language": "uk"}